date,open,high,low,close,volume
2015/1/5,156.8681,168.9629,156.0988,167.54,94515
2015/1/6,165.4553,167.5731,162.1627,163.6601,55020
2015/1/7,162.1793,165.0416,157.1742,159.6147,54797
2015/1/8,160.4916,160.9218,157.2983,158.6385,40525
2015/1/9,157.5134,161.9559,157.2735,157.439,53982
2015/1/12,157.1825,159.3252,152.5994,154.2291,49914
2015/1/13,154.7007,155.9747,152.7152,152.9469,36708
2015/1/14,153.0461,154.287,149.6377,151.5405,52403
2015/1/15,152.1278,154.2043,150.9614,153.9313,48585
2015/1/16,154.0389,155.528,153.8569,153.9644,39978
2015/1/19,149.737,151.557,141.8531,145.1705,64679
2015/1/20,145.6172,149.3234,143.1188,147.3214,61022
2015/1/21,147.4786,151.3088,146.5934,150.8621,52674
2015/1/22,150.8704,152.5167,148.9097,149.9273,38254
2015/1/23,149.009,151.6232,149.0007,149.7536,33084
2015/1/26,150.3161,151.8052,149.7784,151.2261,35649
2015/1/27,151.2427,151.2427,147.2552,149.0007,41883
2015/1/28,148.0825,149.2407,146.6761,146.8167,30680
2015/1/29,145.7661,147.2552,144.7734,145.7247,32492
2015/1/30,146.4196,149.737,146.0143,146.5768,47508
2015/2/2,145.1953,145.9315,143.5324,144.6245,33983
2015/2/3,146.825,147.7929,145.7661,147.5613,27792
2015/2/4,148.2066,150.6305,146.4279,146.6347,35293
2015/2/5,148.0576,149.6543,143.9461,143.9875,41239
2015/2/6,144.4755,146.0143,143.6152,144.4425,37102
2015/2/9,145.4104,153.1289,144.7734,152.467,87293
2015/2/10,152.8807,153.2116,150.1093,151.2923,53638
2015/2/11,150.8952,152.4257,150.6305,151.5157,22894
2015/2/12,152.2106,152.6242,150.5726,151.8631,25050
2015/2/13,152.3099,152.6325,150.0679,150.9697,40127
2015/2/16,151.011,151.9128,149.919,151.648,39521
2015/2/17,151.8466,152.1278,150.4898,150.7463,34172
2015/2/25,151.3916,153.6252,149.828,152.1858,59935
2015/2/26,152.0534,155.8506,151.8466,154.4029,62297
2015/2/27,154.618,160.9053,154.5352,158.0511,63370
2015/3/2,157.8443,160.3262,156.3552,157.7864,31098
2015/3/3,156.6034,158.8371,153.1785,153.832,42999
2015/3/4,154.6924,155.5362,152.7152,154.8579,40662
2015/3/5,153.0544,154.7255,152.2602,153.4763,36206
2015/3/6,153.3357,154.2705,151.6149,151.9045,25470
2015/3/9,153.7079,159.6561,152.0534,158.4731,43486
2015/3/10,157.9601,158.4234,154.9323,155.3873,29637
2015/3/11,155.3873,159.6643,155.3625,158.8205,40583
2015/3/12,159.6643,162.1379,158.3407,159.4575,38496
2015/3/13,159.4162,160.4089,156.0078,157.1081,25479
2015/3/16,157.2321,160.9053,154.709,160.2931,31160
2015/3/17,161.3106,164.3715,161.2279,162.7832,45904
2015/3/18,162.808,165.447,161.7491,165.0003,39304
2015/3/19,164.2474,164.6197,160.5413,161.5505,33539
2015/3/20,160.6571,161.3106,157.9105,159.7884,51373
2015/3/23,161.0459,162.7666,159.8298,161.3851,40979
2015/3/24,161.5671,163.3374,158.9198,161.8897,60079
2015/3/25,159.6643,161.4016,158.8867,159.4823,42240
2015/3/26,160.1193,165.3725,158.8371,164.264,67105
2015/3/27,163.8007,164.264,159.623,160.9466,40144
2015/3/30,161.0542,164.5866,159.7471,162.7832,63451
2015/3/31,162.7087,166.0923,160.5082,162.1131,88130
2015/4/1,162.171,163.4367,160.8887,161.6002,76875
2015/4/2,162.1131,163.4698,159.5651,160.9714,62981
2015/4/3,160.4916,162.9817,159.4823,162.8163,51210
2015/4/7,162.8494,166.3487,161.9807,166.0095,59824
2015/4/8,167.5235,174.2906,166.7706,169.178,135857
2015/4/9,169.1615,170.3197,164.6694,165.4553,62399
2015/4/10,165.447,167.9288,165.1326,165.6373,102019
2015/4/13,166.7376,169.1697,164.5784,168.6816,91356
2015/4/14,168.7644,173.1324,168.7313,170.4189,81903
2015/4/15,172.9835,173.546,168.8967,170.1707,55005
2015/4/16,172.5285,187.1878,171.9328,187.1878,86014
2015/4/17,197.6363,205.7436,188.8506,192.3914,192094
2015/4/20,190.2736,203.2618,189.4463,193.6075,130588
2015/4/21,198.5463,212.9658,198.5463,212.9658,122401
2015/4/22,222.3719,222.5373,212.701,218.31,134635
2015/4/23,218.401,218.5416,209.2844,211.8158,86030
2015/4/24,208.3744,214.8271,202.691,213.8427,100531
2015/4/27,213.0898,221.5446,209.2926,211.609,78973
2015/4/28,210.1282,213.9337,204.3786,205.0735,87291
2015/4/29,203.5927,209.3009,203.5927,206.6371,59300
2015/4/30,207.7705,210.8727,204.9577,208.6639,64064
2015/5/4,209.0196,214.2646,206.8356,210.9307,54739
2015/5/5,208.4736,208.4736,198.4471,199.3322,73700
2015/5/6,201.8389,204.329,198.5546,200.7634,60324
2015/5/7,202.6827,208.3744,200.6642,202.6248,68102
2015/5/8,203.6093,210.8562,203.4273,210.2688,57805
2015/5/11,208.06,213.429,206.8191,212.974,61345
2015/5/12,212.7755,212.7755,208.4736,210.4757,47031
2015/5/13,209.9627,217.5489,208.8873,212.1137,58913
2015/5/14,211.9896,214.6782,207.8284,207.9855,41853
2015/5/15,207.9855,209.7063,199.8782,202.8233,54185
2015/5/18,202.6827,202.6827,198.6291,199.4894,35363
2015/5/19,199.415,207.0011,198.7118,206.8522,47637
2015/5/20,208.4736,215.0919,206.24,210.0868,63771
2015/5/21,211.7827,216.1673,210.1365,213.9254,47669
2015/5/22,214.8271,228.9901,214.7527,228.2125,66649
2015/5/25,223.3646,238.661,222.5373,237.2877,67473
2015/5/26,237.0974,239.9101,234.9134,236.2205,60914
2015/5/27,236.2039,239.3476,225.8464,229.0728,46934
2015/5/28,227.7078,232.4647,215.1746,216.0101,60884
2015/5/29,215.1001,222.5373,215.0009,218.2603,57783
2015/6/1,218.3513,225.8299,214.9264,224.5724,65816
2015/6/2,223.7783,223.7783,215.6379,220.5684,64635
2015/6/3,219.3771,220.5684,215.1001,217.4,46424
2015/6/4,217.5571,219.2282,198.5463,213.611,92362
2015/6/5,213.5283,216.8291,203.51,209.9958,85738
2015/6/8,208.0683,221.3295,206.6536,218.9304,96007
2015/6/9,219.2282,223.1992,212.1964,214.2894,77851
2015/6/10,211.4849,220.7835,209.9627,215.9605,80462
2015/6/11,215.0919,218.8146,213.247,215.1415,52954
2015/6/12,216.8457,225.8464,215.9191,220.0555,90909
2015/6/15,220.8662,225.0192,215.158,215.8281,100014
2015/6/16,214.2646,219.8901,208.8873,210.0868,69303
2015/6/17,210.0951,213.2388,205.9918,211.0299,58388
2015/6/18,209.3175,210.79,199.0427,201.8306,61506
2015/6/19,203.4024,205.5699,193.5992,194.6664,67608
2015/6/23,198.3809,211.6587,193.6902,208.6805,81247
2015/6/24,206.8191,219.3937,204.875,216.0929,95706
2015/6/25,216.3328,216.7712,206.9928,208.2999,66521
2015/6/26,206.8356,211.5759,194.6581,200.5732,99332
2015/6/29,205.4706,212.1964,188.4536,204.0394,165071
2015/6/30,204.0394,214.9429,203.51,213.1478,126298
2015/7/1,210.9555,222.1237,207.6298,213.0154,103326
2015/7/2,211.2037,233.7883,202.691,215.34,118459
2015/7/3,210.9555,215.5055,200.3663,206.6619,109605
2015/7/6,221.6687,221.7018,198.1327,210.1613,272799
2015/7/7,206.8191,212.2626,198.1327,202.0043,167562
2015/7/8,189.4463,202.6744,181.8023,195.9487,289140
2015/7/9,195.9487,215.431,192.7554,213.3877,138203
2015/7/10,212.61,234.1192,208.4406,219.7163,256149
2015/7/13,213.4373,219.7081,207.6464,213.2305,148926
2015/7/14,210.9555,211.1044,204.5027,206.0332,96768
2015/7/15,204.7509,209.0527,201.2598,207.8615,104077
2015/7/16,207.8615,210.2771,205.3796,208.1345,72814
2015/7/17,212.0796,212.9965,208.1344,211.4221,56418
2015/7/20,210.3663,211.0609,206.0599,208.477,67933
2015/7/21,205.3653,207.6343,203.7446,205.282,51789
2015/7/22,203.7446,205.5968,200.5773,201.0867,70855
2015/7/23,201.8831,204.3003,199.8272,203.3186,64748
2015/7/24,204.2077,207.162,202.587,203.013,57390
2015/7/27,200.9663,204.9486,186.1485,186.6301,76944
2015/7/28,185.0927,193.9649,182.8886,190.6216,86703
2015/7/29,192.4275,194.4835,187.195,192.3905,66507
2015/7/30,193.3999,193.3999,189.9455,190.742,41134
2015/7/31,191.4273,191.6403,188.0007,191.5477,40736
2015/8/3,189.8529,194.4742,188.0007,194.076,54553
2015/8/4,193.7982,198.1694,193.7982,196.3079,59533
2015/8/5,197.197,198.049,191.6496,191.8811,43143
2015/8/6,190.9921,192.1682,188.0007,189.8159,39249
2015/8/7,192.159,193.1869,190.4086,191.6403,39521
2015/8/10,191.7144,197.2618,189.9733,196.6136,56496
2015/8/11,196.6136,196.7154,194.4928,195.1781,50897
2015/8/12,194.4742,198.4565,193.3259,193.9927,45824
2015/8/13,195.8727,195.8727,190.779,194.0297,35180
2015/8/14,194.9466,195.7801,193.7889,194.465,30666
2015/8/17,192.6498,193.3907,188.9268,190.9828,53858
2015/8/18,191.6866,192.1682,185.5465,186.2041,51285
2015/8/19,184.9909,187.2228,183.5369,186.7227,50261
2015/8/20,185.9911,186.1485,180.4992,180.6566,39645
2015/8/21,177.3689,180.4622,172.3679,172.5624,75620
2015/8/24,167.6263,168.0893,155.772,157.1056,89812
2015/8/25,155.0867,169.0247,153.9198,163.5421,123080
2015/8/26,163.6995,174.5721,162.0696,170.2935,91572
2015/8/27,175.9613,185.1298,171.2288,182.5089,87052
2015/8/28,180.5918,180.8604,173.3033,178.4155,89925
2015/8/31,175.35,181.0549,171.4974,180.9345,62730
2015/9/1,177.6468,180.5918,174.109,180.0084,87432
2015/9/2,176.0631,180.5918,175.2204,180.2306,106945
2015/9/7,178.3692,179.6657,174.711,174.7666,32216
2015/9/8,174.535,176.3965,171.3307,175.3315,33098
2015/9/9,176.0909,179.5453,176.0909,177.6838,35215
2015/9/10,176.3132,179.0174,175.1648,178.9341,26852
2015/9/11,177.7024,179.7583,176.9337,178.6562,16932
2015/9/14,178.2117,187.8155,174.0164,187.5654,86175
2015/9/15,183.3794,187.0931,180.703,187.0746,51884
2015/9/16,185.2316,194.0575,183.1201,189.4362,37198
2015/9/17,187.6303,190.5938,183.009,183.3702,26423
2015/9/18,183.9258,186.0466,183.3702,184.6945,15642
2015/9/21,183.3794,185.8707,183.3702,184.5741,16527
2015/9/22,185.9355,186.3152,184.2777,184.5463,16457
2015/9/23,182.583,184.287,179.7583,180.3325,22344
2015/9/24,181.3327,181.7772,178.5544,179.6657,13886
2015/9/25,179.6564,180.4992,175.4982,179.1656,24455
2015/9/28,177.3319,178.0913,175.2482,177.2393,12341
2015/9/29,175.5445,177.23,174.3869,176.1187,18409
2015/9/30,176.1743,177.3319,176.1187,176.2484,11634
2015/10/8,184.0925,186.6856,182.444,182.9256,34391
2015/10/9,184.0925,184.2037,181.981,182.3977,15721
2015/10/12,184.2963,189.3806,183.2312,183.4535,49030
2015/10/13,183.4535,185.3057,183.4535,184.0555,15751
2015/10/14,184.2777,184.7593,182.4533,183.2127,15213
2015/10/15,183.5183,185.565,182.9627,185.2131,16550
2015/10/16,186.3522,187.445,184.676,185.9077,19238
2015/10/19,189.7974,189.7974,186.982,187.7414,26121
2015/10/20,187.0931,187.8896,186.3152,187.0468,14784
2015/10/21,187.1487,187.584,182.4533,185.5095,22349
2015/10/22,185.4446,187.7507,184.6945,187.5654,23720
2015/10/23,190.5938,201.5219,190.3623,195.3911,56277
2015/10/26,196.3357,202.1702,192.6313,201.6423,43346
2015/10/27,201.0589,201.596,196.8729,199.3456,22572
2015/10/28,199.1048,199.1048,196.2431,196.7432,16559
2015/10/29,196.3357,198.9196,196.3357,197.2618,13454
2015/10/30,197.2155,199.8549,196.4469,198.0583,12257
2015/11/2,198.7436,199.9105,196.7988,196.8543,15298
2015/11/3,197.1877,199.8179,193.0017,194.2149,23173
2015/11/4,195.0206,200.0402,194.5854,199.0955,30809
2015/11/5,198.7436,206.7823,197.7249,200.5588,49982
2015/11/6,201.2904,202.4481,199.6327,202.2814,21695
2015/11/9,205.5968,208.0603,202.8185,204.5133,40527
2015/11/10,203.7446,207.5602,202.9667,205.9488,28729
2015/11/11,205.6061,206.523,202.4481,203.8835,23815
2015/11/12,203.9576,206.523,203.1704,203.7539,16180
2015/11/13,201.985,203.2816,198.9566,199.2159,28397
2015/11/16,196.7988,200.5032,196.3357,197.9842,23916
2015/11/17,198.8547,201.4293,197.3915,198.5213,21986
2015/11/18,197.8082,200.0402,197.8082,198.7992,19725
2015/11/19,198.1879,200.0402,198.0953,199.1418,15262
2015/11/20,199.2437,199.8364,197.3544,197.9286,22274
2015/11/23,197.2618,198.0398,196.808,196.9099,20994
2015/11/24,196.6969,197.5211,194.4835,196.0486,20469
2015/11/25,196.0579,197.2618,194.8539,197.2433,24249
2015/11/26,197.7156,197.9935,196.1783,197.1137,18804
2015/11/27,196.7895,196.8358,191.3625,192.3905,16220
2015/11/30,192.6683,198.9103,192.4368,198.475,33440
2015/12/1,197.2618,198.1416,195.4096,198.0027,18877
2015/12/2,198.6325,210.2274,196.3357,205.2079,47891
2015/12/3,202.8185,205.0412,200.6884,203.9298,22386
2015/12/4,203.7076,203.7076,199.1233,199.4012,20848
2015/12/7,199.1141,200.9478,197.4471,198.6603,19255
2015/12/8,198.6973,198.6973,195.8356,196.2802,17393
2015/12/9,195.9468,199.1604,195.8727,198.6232,14119
2015/12/10,199.1141,200.2254,196.3265,197.2248,13786
2015/12/11,196.7988,196.7988,194.9466,195.7893,13035
2015/12/14,194.6595,199.0029,193.5574,198.2806,20701
2015/12/15,198.0027,198.7344,196.4098,198.6603,15088
2015/12/16,198.5677,198.7807,196.8821,198.1046,20144
2015/12/17,198.5491,200.8551,198.1879,199.9105,24253
2015/12/18,199.5771,202.9574,199.2159,200.8551,28460
2015/12/21,201.8924,212.2463,201.8924,210.2552,59391
2015/12/22,210.0422,210.0422,206.7823,208.403,28402
2015/12/23,208.7919,209.9403,206.2451,206.523,22374
2015/12/24,207.4305,209.0049,206.7082,208.1714,15577
2015/12/25,208.3752,208.9864,206.4118,207.9121,11542
2015/12/28,208.8197,209.3013,202.8185,202.9296,25594
2015/12/29,202.4666,204.1521,202.3647,203.5872,15774
2015/12/30,203.9113,204.3559,201.4479,202.6888,20147
2015/12/31,202.0961,203.2816,201.7257,202.0684,19673
2016/1/4,201.8924,201.8924,194.4742,194.502,17349
2016/1/5,194.4835,198.1602,192.1775,197.0951,31908
2016/1/6,197.0581,197.8731,193.8352,196.5024,23760
2016/1/7,193.5481,193.5481,185.2502,187.2876,8148
2016/1/8,189.0843,192.6313,185.2224,189.5103,44510
2016/1/11,188.1489,188.7323,184.6667,185.0927,29702
2016/1/12,186.2411,187.1672,181.5179,182.2496,40287
2016/1/13,184.3889,190.779,183.9258,185.0186,29201
2016/1/14,182.5459,190.7605,181.0641,189.6862,34776
2016/1/15,189.6214,190.9458,183.3702,184.2963,26681
2016/1/18,183.3702,187.445,182.6293,184.6945,27371
2016/1/19,186.1485,194.7891,185.2316,194.7058,59110
2016/1/20,191.7052,194.6317,186.1578,187.371,40968
2016/1/21,186.3893,189.4732,185.1298,185.4632,21832
2016/1/22,188.1026,188.3712,184.1203,187.7599,22733
2016/1/25,188.0007,188.4545,186.6115,187.7877,13750
2016/1/26,186.1392,189.3621,183.8332,184.3055,22280
2016/1/27,185.2039,186.0466,181.2401,185.1576,29840
2016/1/28,184.9909,184.9909,181.166,182.1106,17903
2016/1/29,182.8886,187.5377,182.444,185.8244,23090
2016/2/1,187.1672,187.8155,185.1205,186.4171,19178
2016/2/2,187.0746,189.6677,185.8151,189.4362,17842
2016/2/3,187.6117,189.4454,186.6115,188.6119,15156
2016/2/4,189.6677,190.6679,188.5008,189.8437,16624
2016/2/5,189.8437,190.0196,187.5654,188.8064,14227
2016/2/15,185.2224,188.0007,184.8519,185.6021,19470
2016/2/16,185.741,192.6313,185.741,188.8527,19223
2016/2/17,188.686,189.7788,185.6947,187.3524,20349
2016/2/18,188.1859,188.5564,186.2411,186.806,18892
2016/2/19,186.7227,188.1674,186.2689,188.1026,14238
2016/2/22,190.779,192.9276,190.779,192.4461,27759
2016/2/23,192.4183,199.0955,191.7237,196.7154,37460
2016/2/24,196.5209,201.9202,195.4189,201.6516,33129
2016/2/25,202.6333,204.1892,196.4561,196.7154,39480
2016/2/26,197.3544,203.05,195.6504,200.8181,28332
2016/2/29,202.8092,204.5596,191.5199,199.0307,47712
2016/3/1,200.0031,204.0225,194.8539,202.2814,34004
2016/3/2,202.8185,208.8382,202.5129,207.6528,47942
2016/3/3,208.3752,214.8394,205.282,210.9776,40193
2016/3/4,210.1163,222.415,208.3844,221.137,85838
2016/3/7,220.5165,222.2669,213.9782,216.3768,39345
2016/3/8,216.0619,216.0619,210.2274,212.2741,26147
2016/3/9,210.2274,215.4599,209.3939,210.6349,16402
2016/3/10,212.0704,216.4323,211.1535,211.2091,25727
2016/3/11,209.8014,214.7468,208.8382,211.1998,16320
2016/3/14,213.7096,216.2471,205.7821,207.9769,45277
2016/3/15,208.19,217.0714,207.7639,214.7839,36356
2016/3/16,213.2095,215.321,208.3752,211.7184,24250
2016/3/17,213.0057,216.8028,211.4313,212.5982,28820
2016/3/18,214.858,215.0987,209.0975,209.3013,70568
2016/3/21,209.9125,214.8765,209.9033,214.8394,38547
2016/3/22,215.0987,220.5813,214.3949,217.164,41766
2016/3/23,217.8215,219.4885,215.4877,217.6085,21412
2016/3/24,217.6363,227.2679,214.2097,224.7303,62068
2016/3/25,224.5821,231.3335,223.2115,226.8789,44756
2016/3/28,226.8789,234.6582,226.8789,231.139,48337
2016/3/29,231.1575,232.4541,226.3788,229.7776,36688
2016/3/30,230.6019,231.8984,227.3419,230.287,27782
2016/3/31,231.3798,231.8058,228.7404,229.3423,19457
2016/4/1,230.5556,231.9818,226.4714,226.9808,25146
2016/4/5,225.0452,229.2127,225.0452,227.379,25047
2016/4/6,227.6383,238.5664,227.6383,238.2052,48424
2016/4/7,237.9089,238.4553,233.9544,235.3343,25536
2016/4/8,233.3802,236.9828,229.861,231.3983,23156
2016/4/11,231.991,236.3252,225.5082,225.712,119284
2016/4/12,225.6935,226.8974,224.2117,226.8233,23339
2016/4/13,227.2679,230.2592,223.8412,224.3413,54274
2016/4/14,224.471,226.74,223.193,224.8229,28664
2016/4/15,224.7118,226.8789,223.3782,226.8048,19029
2016/4/18,224.86,227.8235,224.5821,225.6749,18593
2016/4/19,226.5177,227.0734,223.6097,225.2119,14236
2016/4/20,225.2212,226.3417,218.3772,220.8221,33708
2016/4/21,222.7299,224.3969,220.6925,222.6095,29672
2016/4/22,223.193,229.5646,222.6095,229.1201,35459
2016/4/25,228.8608,229.7684,225.323,226.4529,24990
2016/4/26,226.8511,228.6385,225.0452,225.8416,15156
2016/4/27,226.4344,227.3419,225.499,226.7863,13915
2016/4/28,227.6661,228.5088,225.9713,228.231,17156
2016/4/29,229.1108,233.7784,229.1108,232.6393,46079
2016/5/3,232.0373,242.9006,232.0373,240.7891,56474
2016/5/4,240.7891,243.0025,237.0754,237.2791,28636
2016/5/5,237.5477,239.0758,236.6216,238.7239,13517
2016/5/6,238.2979,239.4184,232.5652,233.5839,27173
2016/5/9,231.6484,234.1211,230.6111,232.2874,27799
2016/5/10,231.0649,235.2324,230.7037,233.4543,33505
2016/5/11,233.7043,241.2336,233.7043,237.8904,49277
2016/5/12,235.2509,237.6033,233.3802,237.0476,18894
2016/5/13,237.0661,239.7704,231.991,232.417,28145
2016/5/16,232.3244,233.195,229.0275,233.0375,22202
2016/5/17,232.4633,233.7506,231.3705,231.5558,11785
2016/5/18,230.676,233.2413,225.1378,226.3788,28380
2016/5/19,227.0456,230.1388,226.4344,227.6105,20889
2016/5/20,228.6015,233.5469,226.2677,232.6949,25501
2016/5/23,231.2687,236.1493,231.2687,235.4176,18706
2016/5/24,235.6121,236.353,231.6206,233.3246,11674
2016/5/25,235.677,236.103,232.4633,233.2505,17785
2016/5/26,233.3709,235.0472,230.7871,234.0377,18120
2016/5/27,234.047,235.8714,232.806,233.7877,13230
2016/5/30,232.9171,237.5477,231.528,237.205,29806
2016/5/31,237.0846,246.92,236.3438,244.9288,53949
2016/6/1,245.7901,245.8827,243.5674,244.2991,21876
2016/6/2,243.5767,248.8277,243.5767,247.9572,24760
2016/6/3,247.2719,265.5533,246.7162,262.9139,64798
2016/6/6,261.1636,262.0897,254.6808,255.6532,37261
2016/6/7,256.0699,257.9129,254.69,257.3202,18753
2016/6/8,255.9773,257.3295,253.2916,254.014,23882
2016/6/13,253.1527,256.2181,246.5773,247.3274,37775
2016/6/14,247.9294,253.5694,247.9294,252.597,25587
2016/6/15,250.7078,257.2739,250.2447,256.0607,27322
2016/6/16,254.5511,257.2739,253.5509,253.7732,19643
2016/6/17,253.3842,261.6173,253.3842,257.6999,24705
2016/6/20,259.0983,259.1817,253.7547,255.7088,19019
2016/6/21,256.57,257.4035,252.8285,253.5787,16749
2016/6/22,253.5417,258.7186,252.6155,257.8666,20884
2016/6/23,259.2835,259.2835,254.5696,256.0144,13984
2016/6/24,254.9401,256.533,247.4571,253.5417,20129
2016/6/27,254.6808,270.7025,254.6808,266.4239,63642
2016/6/28,265.8126,268.2576,265.1644,266.9147,24282
2016/6/29,266.3035,268.0631,263.201,266.8869,28147
2016/6/30,268.591,276.1666,268.591,270.3506,38022
2016/7/1,271.7224,276.1501,268.6948,270.7479,26014
2016/7/4,271.5331,279.4805,270.587,278.0613,29488
2016/7/5,279.1304,286.7655,279.1304,284.3813,41707
2016/7/6,283.6433,300.8625,282.8959,300.0962,47347
2016/7/7,298.7811,309.1883,295.2615,299.8312,50725
2016/7/8,296.6334,298.4972,289.6606,293.2085,45545
2016/7/11,292.3759,306.5392,292.3759,298.1566,57481
2016/7/12,298.7432,308.999,298.0242,307.2298,53119
2016/7/13,305.6214,307.2298,298.0715,300.0962,53448
2016/7/14,299.0554,303.5116,298.2134,300.0015,29230
2016/7/15,300.0299,300.8909,298.0809,300.4084,26811
2016/7/18,300.3894,302.2817,298.6486,299.169,23352
2016/7/19,298.4972,299.2541,289.0835,291.5055,41431
2016/7/20,291.988,294.1167,290.9284,291.9312,17733
2016/7/21,293.4356,300.4841,292.3475,297.4376,33009
2016/7/22,296.0373,298.2134,290.8148,291.3257,28871
2016/7/25,291.023,297.2578,290.4553,294.4857,23623
2016/7/26,292.357,302.2817,291.8745,301.8465,35555
2016/7/27,302.6128,303.3224,291.6853,297.0875,39228
2016/7/28,295.1859,302.0924,294.7128,299.0176,39643
2016/7/29,298.0999,301.6951,296.132,296.2739,29007
2016/8/1,296.132,297.0308,288.5631,290.4175,31701
2016/8/2,290.6918,293.7667,286.529,289.7079,26541
2016/8/3,290.4553,291.3068,287.7589,290.285,24039
2016/8/4,290.3134,291.7136,287.8251,289.793,21793
2016/8/5,289.9728,291.7515,288.5915,289.443,20308
2016/8/8,289.6511,291.6853,286.7276,291.496,22007
2016/8/9,291.5623,300.5503,289.9066,298.7338,39289
2016/8/10,298.0715,299.4433,296.4442,296.8983,20944
2016/8/11,297.4376,304.2401,297.0875,299.6988,31939
2016/8/12,300.2948,300.2948,297.0875,299.888,23352
2016/8/15,298.7811,304.3536,297.22,301.6005,34110
2016/8/16,304.6469,305.1011,291.4014,292.8395,88378
2016/8/17,292.9152,294.2114,289.9823,291.5528,43754
2016/8/18,291.3541,292.9625,288.6861,289.916,31005
2016/8/19,289.32,290.8811,288.3739,289.9633,19140
2016/8/22,289.6322,292.8963,289.5092,290.7581,20812
2016/8/23,290.7675,292.3854,289.32,290.3418,19914
2016/8/24,290.4742,290.9189,287.4561,288.828,22779
2016/8/25,288.7523,288.9226,283.8988,286.6803,25362
2016/8/26,286.8033,288.1373,284.211,285.2044,21436
2016/8/29,291.4014,292.1583,288.7523,290.9567,38055
2016/8/30,290.4553,291.8745,288.2509,289.3767,21170
2016/8/31,290.1715,294.0127,289.074,293.4734,40401
2016/9/1,293.0098,295.1859,291.6379,292.0732,17185
2016/9/2,291.4014,292.7733,288.4496,289.3011,18572
2016/9/5,289.6984,292.3475,289.3294,291.8745,19138
2016/9/6,291.8745,293.6342,291.7326,293.2369,20625
2016/9/7,292.9909,292.9909,289.0361,290.0769,29645
2016/9/8,288.7618,289.9823,288.0049,289.3389,16705
2016/9/9,290.1242,290.3229,287.617,288.213,16222
2016/9/12,285.7248,287.617,281.7227,281.9971,38238
2016/9/13,283.7852,284.7503,283.1703,284.2394,16255
2016/9/14,283.9272,285.914,281.9498,283.4257,18527
2016/9/19,283.8799,285.3179,283.719,283.9555,12852
2016/9/20,284.5705,284.5894,278.1559,279.0642,34892
2016/9/21,279.1588,279.471,273.5294,278.2032,39037
2016/9/22,278.4397,283.8136,278.1654,280.9753,29606
2016/9/23,281.0131,282.8391,279.4805,281.6376,12671
2016/9/26,280.9942,281.0037,272.9996,273.1699,37176
2016/9/27,273.3118,276.2448,273.1983,275.4784,17915
2016/9/28,276.065,276.065,272.063,272.8672,22360
2016/9/29,272.3373,277.2098,272.3373,275.2987,23705
2016/9/30,274.3715,283.4825,274.3715,281.8552,29603
2016/10/10,282.4228,287.4845,282.4228,286.633,21103
2016/10/11,287.617,292.3475,286.6709,292.2718,41736
2016/10/12,291.8745,291.8745,288.4685,289.3389,19286
2016/10/13,290.2661,290.3985,287.1534,287.5129,16143
2016/10/14,287.1155,289.5092,286.8601,289.1308,12690
2016/10/17,288.9888,289.0361,285.2517,286.1505,18957
2016/10/18,286.1978,291.8745,285.7248,290.6067,30389
2016/10/19,291.8745,292.111,288.6577,289.935,14123
2016/10/20,290.8243,290.8243,288.3739,289.0172,14079
2016/10/21,288.6388,289.0172,286.283,287.7967,11483
2016/10/24,286.2924,290.4553,286.2924,290.3891,26246
2016/10/25,290.8243,296.132,290.8243,296.0752,43762
2016/10/26,296.132,301.1558,294.8547,296.7753,46813
2016/10/27,296.1225,301.0706,294.2492,299.7934,32951
2016/10/28,300.3894,301.2693,297.0781,299.9637,20137
2016/10/31,301.8086,305.4038,299.7272,300.8152,43596
2016/11/1,300.8152,301.8086,298.5445,299.6136,19512
2016/11/2,299.0554,300.0678,296.7753,298.1945,20636
2016/11/3,298.0242,299.4055,297.22,298.8378,18690
2016/11/4,298.9608,301.099,297.0591,297.8539,20619
2016/11/7,298.0242,299.9164,296.3212,298.3364,16047
2016/11/8,299.4433,304.8172,298.6675,302.7547,34193
2016/11/9,302.7547,304.6186,296.8888,299.7366,30004
2016/11/10,301.9032,303.7008,300.6071,301.9316,17804
2016/11/11,300.853,301.1463,297.835,298.0999,35902
2016/11/14,298.5445,298.8473,293.2842,294.2303,39920
2016/11/15,293.322,298.6391,293.322,297.0875,24470
2016/11/16,296.8983,298.4026,295.1859,296.2739,13399
2016/11/17,295.2615,296.132,293.7951,294.2776,18337
2016/11/18,294.3911,294.9966,293.1801,293.2936,19377
2016/11/21,294.2587,294.8642,291.7515,292.8206,26083
2016/11/22,293.5775,293.7194,291.7515,292.2245,26424
2016/11/23,294.2397,296.132,292.4516,296.0847,34015
2016/11/24,296.3212,299.9164,294.6371,299.8502,39078
2016/11/25,299.9542,300.8625,296.5293,299.8123,22369
2016/11/28,300.4368,302.925,299.538,302.2817,49253
2016/11/29,303.417,312.6416,302.1965,306.5013,58830
2016/11/30,303.909,305.8769,301.2883,301.8843,26752
2016/12/1,302.7547,307.0974,301.5059,303.7198,27941
2016/12/2,303.7008,305.7823,301.8086,304.4293,30628
2016/12/5,301.9978,307.0501,298.8,298.9041,42060
2016/12/6,299.1879,308.9801,299.1879,308.8287,38923
2016/12/7,309.491,310.7966,306.5108,309.8032,25271
2016/12/8,310.333,321.6769,309.3775,319.5103,54475
2016/12/9,319.0278,321.1281,316.0192,319.5576,34495
2016/12/12,319.5008,321.6769,308.1475,309.245,50332
2016/12/13,309.2261,316.9463,307.9583,315.0636,41780
2016/12/14,315.0541,316.0665,310.7966,314.3635,32029
2016/12/15,314.5432,315.0447,308.034,310.3709,39202
2016/12/16,309.3775,312.1023,306.1418,309.9262,25051
2016/12/19,308.4314,316.3503,308.0624,308.3935,30471
2016/12/20,308.4692,309.3775,304.4672,308.8855,30831
2016/12/21,309.2829,311.5441,306.1229,310.948,24711
2016/12/22,310.3236,310.7588,307.3717,307.6745,14678
2016/12/23,306.1134,307.0122,301.9316,302.7831,31095
2016/12/26,301.837,307.4758,299.1595,306.9933,26001
2016/12/27,307.0217,311.0805,306.0661,308.5827,20062
2016/12/28,309.368,310.3236,305.9053,306.2742,17878
2016/12/29,306.5392,310.2006,305.593,309.6708,21225
2016/12/30,309.0085,317.2207,309.0085,316.1422,34687
2017/1/3,316.2651,318.8386,314.8744,316.5301,20763
2017/1/4,316.5868,333.191,316.5679,332.945,65257
2017/1/5,331.138,332.5098,326.8237,328.0537,41704
2017/1/6,327.9591,340.3909,327.4482,331.857,68095
2017/1/9,329.0565,333.8628,327.8644,329.7283,35405
2017/1/10,329.6715,333.0302,327.9212,330.1919,31727
2017/1/11,329.2458,329.2458,324.9883,326.8332,23598
2017/1/12,327.8739,328.6781,325.9438,328.347,17779
2017/1/13,328.2807,328.6686,325.3478,326.2844,18282
2017/1/16,325.5843,326.2182,320.5416,323.0677,36855
2017/1/17,324.1368,332.5571,323.5691,330.3149,35188
2017/1/18,330.0783,337.5431,328.4983,335.9442,46005
2017/1/19,335.8685,339.161,332.7464,335.6036,28523
2017/1/20,335.7739,338.1392,334.0047,335.8591,21344
2017/1/23,337.6472,340.4098,330.6271,332.2922,32581
2017/1/24,332.3395,333.7871,328.0631,331.4313,26914
2017/1/25,331.1191,331.1191,327.5428,328.8957,22990
2017/1/26,329.3782,330.0026,322.9068,325.8587,37826
2017/2/3,327.3535,330.3622,326.4074,328.1577,20936
2017/2/6,329.7094,330.0878,326.3696,328.1577,15680
2017/2/7,328.1483,328.6781,324.6477,325.064,20519
2017/2/8,325.2343,326.8805,324.203,325.66,19088
2017/2/9,326.4074,329.9932,326.0385,328.8768,23324
2017/2/10,329.8323,330.9677,326.4074,326.4831,24056
2017/2/13,325.4613,332.9356,323.4934,330.9014,53587
2017/2/14,330.7028,333.5979,330.2865,331.3367,26558
2017/2/15,332.5571,333.4465,328.4889,329.7472,26256
2017/2/16,329.7188,329.8323,326.8899,329.3309,17642
2017/2/17,330.0973,335.3387,328.7727,331.6678,29102
2017/2/20,331.5259,342.794,331.1474,341.8195,61853
2017/2/21,342.3777,342.8981,337.931,339.407,27705
2017/2/22,341.1762,346.7677,340.5991,342.3872,37130
2017/2/23,341.5168,345.7837,340.372,342.2074,23328
2017/2/24,342.4913,343.3333,340.6464,343.0779,17692
2017/2/27,342.9549,343.2955,337.5715,337.95,25400
2017/2/28,337.7607,339.8422,334.525,335.5468,27473
2017/3/1,335.9631,338.8961,335.8685,337.3918,21944
2017/3/2,337.4864,337.7607,335.4238,337.5904,22103
2017/3/3,335.8685,338.915,335.8685,337.3255,14153
2017/3/6,338.3852,340.1639,337.335,339.6151,22818
2017/3/7,338.7352,349.0005,338.7352,347.411,46286
2017/3/8,347.3921,348.6315,345.8027,347.4867,16037
2017/3/9,347.2218,350.0412,345.8594,349.9655,23406
2017/3/10,349.9845,356.6829,348.5085,349.9182,40951
2017/3/13,350.1075,354.1568,347.7233,351.5266,27674
2017/3/14,351.5266,353.7027,348.4896,349.5871,20416
2017/3/15,349.5871,354.9326,349.1235,354.4879,25155
2017/3/16,356.2666,357.9128,352.7092,354.5731,25022
2017/3/17,352.9931,363.7314,352.9931,358.0831,34700
2017/3/20,359.9943,365.8696,358.4616,365.5858,31545
2017/3/21,365.7182,375.132,365.6709,372.7762,48460
2017/3/22,369.4838,373.3344,364.2518,373.2209,45532
2017/3/23,370.9029,372.7573,365.7655,368.7836,34504
2017/3/24,371.1773,372.0288,364.2518,365.9737,33287
2017/3/27,365.2263,368.2822,357.998,358.4048,53690
2017/3/28,359.4739,360.6093,356.3612,359.7672,41187
2017/3/29,360.4768,365.0087,359.4266,362.9745,37299
2017/3/30,362.3596,366.0399,361.9811,365.3303,31612
2017/3/31,365.3871,367.0901,363.476,365.5385,24474
2017/4/5,364.8762,373.7034,364.2518,368.6606,40789
2017/4/6,368.0457,371.8206,365.7939,370.7894,28857
2017/4/7,371.8112,372.7667,368.6039,371.6976,24097
2017/4/10,372.7667,372.7667,367.0901,368.2254,28869
2017/4/11,367.1374,369.6446,360.0889,364.5261,43530
2017/4/12,364.5261,369.9284,364.0626,369.1999,27002
2017/4/13,369.7203,377.1094,369.4648,376.9202,45648
2017/4/14,377.9041,378.3299,373.7129,374.1386,23646
2017/4/17,369.9284,376.8161,367.6105,374.4603,28793
2017/4/18,373.3344,384.6404,373.3344,382.8428,49581
2017/4/19,381.2817,387.053,381.1493,383.8741,37550
2017/4/20,384.2052,397.7724,384.2052,392.9283,50457
2017/4/21,392.635,393.2027,378.4434,378.9448,49332
2017/4/24,379.03,383.1739,368.0362,377.0715,50037
2017/4/25,382.9847,397.5264,382.9847,396.3154,76192
2017/4/26,396.2775,405.5778,390.7523,395.4355,56624
2017/4/27,393.1365,399.2294,388.3113,398.728,28240
2017/4/28,399.2483,400.2039,387.8099,391.1969,49505
2017/5/2,389.4183,392.635,387.1287,389.8724,23291
2017/5/3,388.8506,395.1517,388.8506,395.1044,20267
2017/5/4,392.285,395.9275,392.285,393.5811,26709
2017/5/5,393.7704,399.9958,392.7296,393.7609,37437
2017/5/8,393.7514,394.5272,382.909,383.6281,40721
2017/5/9,382.6441,387.791,376.5512,386.7313,52801
2017/5/10,386.3907,392.1052,385.0851,387.9896,26039
2017/5/11,386.3907,392.3512,384.6026,389.9481,30467
2017/5/12,391.301,392.9189,387.9139,391.1875,22337
2017/5/15,390.8563,397.6967,390.8563,396.9398,33447
2017/5/16,396.9871,407.9809,395.7193,406.9402,50164
2017/5/17,405.8805,407.0064,401.9826,403.6099,27515
2017/5/18,402.1434,407.4889,402.1056,406.3914,24300
2017/5/19,406.4198,417.9907,406.4198,417.0635,38310
2017/5/22,415.3795,421.9739,412.6925,417.9718,35321
2017/5/23,418.4165,429.9779,418.4165,429.7225,48454
2017/5/24,428.4925,431.8796,421.9644,426.0516,40226
2017/5/25,424.5283,428.5493,423.3836,426.3165,28898
2017/5/26,426.5246,431.047,423.8566,427.5654,27386
2017/5/31,425.7488,426.2219,416.3918,419.0693,44312
2017/6/1,418.653,425.7015,417.2433,425.0676,40604
2017/6/2,425.7488,426.6476,421.5859,423.2038,21785
2017/6/5,423.8945,424.8027,418.5111,420.4601,19241
2017/6/6,420.9899,424.8027,420.2614,424.6324,20402
2017/6/7,424.9162,435.2099,424.9162,434.6139,38834
2017/6/8,436.4588,439.3728,433.7907,439.2876,28951
2017/6/9,439.2214,445.4279,438.0482,440.6406,31430
2017/6/12,441.8327,449.8178,439.9405,447.3958,35109
2017/6/13,447.5566,448.9285,441.8327,447.5472,24237
2017/6/14,447.3106,451.7668,445.1251,448.8244,33768
2017/6/15,449.4015,449.8557,438.9943,439.2782,50202
2017/6/16,436.6291,442.2963,436.402,437.6982,33331
2017/6/19,437.0643,445.04,437.0643,444.8318,38536
2017/6/20,447.5093,449.288,440.5649,441.1704,34505
2017/6/21,444.2452,447.5093,440.9149,447.2349,42038
2017/6/22,447.5282,452.1736,445.8063,447.2728,38242
2017/6/23,447.3769,449.288,443.091,447.2539,31303
2017/6/26,447.5188,458.8626,446.5632,458.5599,52932
2017/6/27,456.8001,458.8626,454.9363,458.0111,27980
2017/6/28,458.0017,458.0017,447.5093,449.6854,37728
2017/6/29,450.6315,451.6249,444.671,447.5188,35092
2017/6/30,446.0996,448.6068,442.5896,446.4213,22427
2017/7/3,448.6447,448.6447,433.2231,435.56,49628
2017/7/4,434.226,435.2099,424.8027,427.5654,56488
2017/7/5,428.5966,435.5221,428.5966,435.3329,37540
2017/7/6,433.4218,435.3991,426.3165,431.4066,42044
2017/7/7,433.1873,433.2353,423.7274,428.3085,37796
2017/7/10,429.1825,436.8849,425.4273,436.4719,36624
2017/7/11,436.5007,446.1815,436.0205,444.7889,44601
2017/7/12,447.3532,447.5357,436.9809,439.3531,28950
2017/7/13,437.317,443.6172,435.7132,438.095,25951
2017/7/14,438.1814,440.592,435.1081,438.3351,17726
2017/7/17,438.9401,439.9005,428.6062,432.2461,35263
2017/7/18,434.0901,436.0109,430.2581,434.6279,30684
2017/7/19,436.0205,445.2595,434.868,438.7672,56259
2017/7/20,437.8068,448.4,437.8068,447.9967,46634
2017/7/21,448.4673,456.1985,445.2979,454.4601,46792
2017/7/24,456.0736,466.129,456.0736,458.878,42716
2017/7/25,463.1037,463.68,457.2453,459.0316,21929
2017/7/26,459.1181,462.5563,448.0831,452.9523,31470
2017/7/27,452.9523,457.0052,452.4433,455.1036,19595
2017/7/28,452.3473,464.8997,449.1876,464.7556,46618
2017/7/31,464.8324,468.6356,461.9512,462.1625,38412
2017/8/1,461.9512,463.872,458.4938,461.2213,27501
2017/8/2,461.0293,465.6776,459.5598,463.7184,26774
2017/8/3,464.5251,467.5696,456.7939,458.3209,31768
2017/8/4,458.1096,460.0112,453.8839,454.8827,18681
2017/8/7,453.7879,463.2958,452.4721,462.4891,23099
2017/8/8,462.9116,465.0437,460.5106,463.4687,16051
2017/8/9,465.6392,473.4568,462.9404,471.4112,41794
2017/8/10,471.6416,479.8146,469.6344,472.1603,35364
2017/8/11,469.6344,476.8854,464.333,464.8901,36572
2017/8/14,465.9945,480.2948,465.9945,480.0355,39331
2017/8/15,480.3044,481.2552,475.4064,476.3284,27163
2017/8/16,478.278,479.0463,473.476,476.8278,18587
2017/8/17,477.8938,477.8938,470.4027,473.1783,25846
2017/8/18,473.2839,474.859,468.674,470.2587,23857
2017/8/21,468.674,474.8206,467.656,470.3355,23546
2017/8/22,468.0978,470.0954,457.1492,467.9249,42457
2017/8/23,466.225,475.0415,465.1398,474.446,27214
2017/8/24,474.4268,476.7414,472.5348,473.2935,18156
2017/8/25,473.9082,474.6765,469.9417,473.4664,17297
2017/8/28,473.476,477.5961,471.584,472.554,29021
2017/8/29,473.4952,475.2816,468.6836,470.057,25176
2017/8/30,470.3067,474.1963,469.7881,473.4472,18503
2017/8/31,474.4748,475.2816,470.4027,471.6993,18736
2017/9/1,470.7869,476.6261,470.6236,475.5697,31451
2017/9/4,475.5697,476.9911,471.8145,472.919,18931
2017/9/5,473.3608,474.4268,470.1146,470.5852,22622
2017/9/6,470.5948,473.2551,465.6392,465.7736,33006
2017/9/7,466.0905,467.6176,461.0485,462.2105,33320
2017/9/8,459.3101,461.471,455.2285,455.5838,41173
2017/9/11,452.4337,463.1229,451.3677,459.3774,45374
2017/9/12,460.5106,466.7532,459.4542,465.7064,34341
2017/9/13,465.7928,472.7077,462.3162,472.1603,33075
2017/9/14,473.4664,474.4652,469.6248,471.2767,19399
2017/9/15,472.9958,472.9958,468.674,470.4411,16039
2017/9/18,470.7293,480.679,470.7293,479.2096,42206
2017/9/19,480.4869,482.5998,476.3668,477.2696,23054
2017/9/20,477.2216,480.218,476.3572,476.5493,17318
2017/9/21,476.2996,480.7558,473.3608,479.0175,19402
2017/9/22,477.2216,480.3717,476.1651,480.1316,16343
2017/9/25,480.4965,488.074,480.4869,487.1521,32697
2017/9/26,486.6238,489.8028,483.6562,489.1209,25470
2017/9/27,488.7655,490.792,486.0284,488.0837,16671
2017/9/28,487.1137,499.5988,487.0656,497.9277,25969
2017/9/29,495.5652,505.0539,495.085,497.1402,22436
2017/10/9,503.7669,514.3409,499.5028,506.869,34891
2017/10/10,506.1775,519.0853,506.1391,518.6723,31006
2017/10/11,516.7899,529.4192,516.7899,523.9353,33406
2017/10/12,523.4167,525.8177,518.7876,522.5427,19646
2017/10/13,523.4167,534.5573,520.5451,534.1251,27858
2017/10/16,537.813,544.2189,533.8562,538.4853,29909
2017/10/17,538.7542,538.7542,532.0603,534.6821,20977
2017/10/18,532.2523,540.3101,532.2523,538.5141,19178
2017/10/19,538.783,561.9766,538.5141,559.5276,40658
2017/10/20,557.991,557.991,549.1169,551.5851,31534
2017/10/23,552.1518,557.5108,545.5058,550.7016,23771
2017/10/24,549.3474,551.0761,541.2897,544.8624,31274
2017/10/25,547.1865,549.0401,539.8011,543.2681,25076
2017/10/26,581.0405,588.7237,568.4689,581.127,115434
2017/10/27,578.265,629.0604,576.2674,623.9031,84383
2017/10/30,617.5837,618.496,596.4069,597.4441,81007
2017/10/31,597.3769,602.7455,587.6481,593.5545,51875
2017/11/1,596.2916,606.5295,594.6974,598.3373,43435
2017/11/2,602.1213,604.8392,596.4069,602.0924,34249
2017/11/3,603.7539,617.9582,603.7539,613.8573,48188
2017/11/6,616.095,631.5767,614.8465,627.1972,48513
2017/11/7,624.8155,631.1253,612.9065,616.6425,55564
2017/11/8,616.8922,628.5802,616.8922,624.6234,43951
2017/11/9,622.3376,628.2441,619.0819,624.3257,33641
2017/11/10,624.6714,656.3357,624.6714,651.1015,74078
2017/11/13,653.0704,665.3442,649.0367,660.6383,49869
2017/11/14,659.9276,660.0044,650.5253,651.8699,46366
2017/11/15,651.8699,662.6647,647.308,660.8304,45036
2017/11/16,658.8423,691.4478,658.8423,690.6315,60716
2017/11/17,668.4367,680.9219,650.9287,662.9144,123861
2017/11/20,649.9971,658.4486,633.8624,652.254,88305
2017/11/21,642.506,661.5219,635.8024,650.4293,96016
2017/11/22,650.1892,660.7535,624.2584,624.7578,128498
2017/11/23,616.5752,620.4168,605.2618,608.6328,109599
2017/11/24,610.7168,617.0554,597.5882,605.0889,76541
2017/11/27,608.8921,611.1298,588.7333,596.6854,63548
2017/11/28,600.3061,623.1828,599.2881,622.5585,70291
2017/11/29,624.2008,626.1504,608.9017,612.8489,46763
2017/11/30,610.3423,622.7986,601.2089,606.0109,38019
2017/12/1,612.7433,613.6844,595.5713,597.7034,47192
2017/12/4,599.2401,618.5921,592.2964,612.532,54267
2017/12/5,608.8921,621.7614,605.1753,607.8933,47465
2017/12/6,606.4911,618.5921,595.4465,600.2581,58174
2017/12/7,600.2005,600.2389,590.8942,592.2676,51032
2017/12/8,591.0479,603.946,591.0479,602.4382,45503
2017/12/11,606.0109,626.1312,606.0109,625.2092,72849
2017/12/12,632.6139,632.6811,625.238,625.5262,47889
2017/12/13,629.0508,643.4664,624.9499,641.7473,48502
2017/12/14,643.4472,644.7149,634.3426,638.2322,31967
2017/12/15,637.704,641.4976,625.0075,627.8983,32255
2017/12/18,633.8624,643.2743,632.4986,639.4039,39162
2017/12/19,636.7436,645.8097,634.8228,640.6716,44072
2017/12/20,643.3703,659.6587,637.7328,657.7859,63601
2017/12/21,655.9515,660.1965,648.7486,654.7414,46680
2017/12/22,653.0704,658.7367,650.1988,655.8747,28317
2017/12/25,658.8327,668.7248,656.643,660.8688,36214
2017/12/26,660.9264,665.5459,649.709,653.8483,31867
2017/12/27,657.7379,657.7379,636.2634,637.8769,37722
2017/12/28,659.7931,691.3902,644.7341,690.2281,124141
2017/12/29,689.5655,697.7288,664.211,669.8677,76038
2018/1/2,672.2783,682.0359,662.5687,675.9758,49612
2018/1/3,673.7189,692.8308,672.0286,687.5102,52019
2018/1/4,692.8308,714.0556,690.8428,707.8802,72205
2018/1/5,711.6546,716.4854,699.3807,709.1192,39989
2018/1/8,705.9114,726.5408,705.9114,722.3438,52204
2018/1/9,722.4207,751.9913,722.4207,751.5303,64591
2018/1/10,753.9121,757.6384,742.8483,754.594,47714
2018/1/11,755.8329,756.7933,741.4269,744.1256,50656
2018/1/12,743.1268,757.5616,736.6441,757.1967,45988
2018/1/15,762.0371,767.4153,748.1689,754.2674,52473
2018/1/16,749.5711,757.3791,737.5853,742.3297,65428
2018/1/17,739.5061,743.3477,709.2632,718.3102,90709
2018/1/18,718.3102,734.7041,714.6222,721.0089,58978
2018/1/19,723.0833,728.8457,709.753,720.4711,50925
2018/1/22,722.0365,743.3477,722.0365,743.002,67126
2018/1/23,747.0068,749.1101,738.1616,743.1364,49549
2018/1/24,745.6911,745.7103,728.5576,734.1855,43298
2018/1/25,730.8626,745.2685,721.2586,738.6994,50040
2018/1/26,736.8554,746.6131,733.7437,746.4402,43978
2018/1/29,747.9192,748.7932,705.8922,707.1599,74535
2018/1/30,706.8526,719.1169,701.1094,712.6918,51911
2018/1/31,709.7338,741.1484,709.7338,734.2624,60402
2018/2/1,736.6249,736.9131,723.1025,727.7221,50582
2018/2/2,722.4303,723.4003,696.2882,711.0784,75420
2018/2/5,698.4203,701.0518,677.6565,689.7864,98995
2018/2/6,675.1595,693.9833,675.1595,680.7874,88168
2018/2/7,691.4863,695.2126,655.0008,656.3645,88289
2018/2/8,655.1832,689.5655,655.1832,673.2291,83409
2018/2/9,653.0704,662.5687,631.9416,656.3645,105578
2018/2/12,663.6347,677.5605,658.0644,669.8581,64179
2018/2/13,677.0995,686.5114,676.6001,683.7839,53389
2018/2/14,691.4863,691.4863,684.0144,689.9976,30652
2018/2/22,698.4972,714.5358,694.5979,713.0472,50764
2018/2/23,717.417,726.5984,707.813,713.076,38158
2018/2/26,717.3017,722.267,703.9906,714.0652,43658
2018/2/27,719.3378,726.0606,708.0243,708.7542,42601
2018/2/28,703.011,712.9031,690.5259,696.8837,48330
2018/3/1,699.1694,717.2729,695.107,712.5862,44794
2018/3/2,708.7734,714.1132,701.0902,707.2464,25991
2018/3/5,708.9463,712.615,688.6339,691.5919,37234
2018/3/6,696.2882,698.7853,669.522,689.8152,64570
2018/3/7,686.6843,695.3278,680.9123,681.9207,34595
2018/3/8,685.7239,695.3278,679.9615,694.137,35349
2018/3/9,698.7373,703.5585,694.8476,699.3615,30171
2018/3/12,700.6581,704.855,694.1466,695.2798,39888
2018/3/13,694.3674,697.8249,681.8823,682.2184,38577
2018/3/14,681.5653,699.2463,679.2124,698.0938,37355
2018/3/15,699.1886,717.417,699.1886,716.908,56148
2018/3/16,717.9932,724.1206,709.6186,710.5501,35855
2018/3/19,714.507,724.1302,709.7338,723.6404,38666
2018/3/20,720.2982,722.219,710.6942,718.1181,28877
2018/3/21,720.4038,723.285,710.6942,712.615,26742
2018/3/22,714.5358,718.3774,695.3375,697.3255,37486
2018/3/23,673.2387,694.838,672.3551,682.9003,52546
2018/3/26,679.9615,686.7419,674.0839,685.2341,46256
2018/3/27,694.3674,697.1334,676.1199,686.4346,47548
2018/3/28,672.2495,675.1595,642.506,655.0392,113539
2018/3/29,655.1832,670.2134,632.3354,661.81,79081
2018/3/30,658.8327,666.0357,652.9551,656.547,36540
2018/4/2,653.0704,663.6347,647.4136,653.128,32039
2018/4/3,651.1496,659.7931,648.6429,651.0631,40235
2018/4/4,654.9911,672.6913,653.4353,666.5255,56891
2018/4/9,669.4932,677.4933,662.8184,670.6456,30833
2018/4/10,676.8882,680.4417,670.7993,679.9807,32043
2018/4/11,681.8823,686.473,675.1787,677.426,25723
2018/4/12,676.1199,678.8858,664.8064,666.708,30713
2018/4/13,670.8377,673.2387,657.9492,659.6587,27549
2018/4/16,653.6274,659.6491,650.1892,654.3957,32939
2018/4/17,657.8723,658.2373,639.2406,639.8169,35172
2018/4/18,644.4268,644.4268,619.4564,629.6751,62616
2018/4/19,633.7183,653.0704,630.6547,653.0319,44207
2018/4/20,654.0308,666.5159,641.7665,643.7161,41511
2018/4/23,639.6344,653.3873,639.6344,647.3176,32659
2018/4/24,649.2288,666.0357,648.2684,662.5591,47282
2018/4/25,661.7139,664.5951,655.9708,663.6059,25252
2018/4/26,664.5951,664.864,646.3476,651.3704,35047
2018/4/27,658.1124,661.0993,629.0604,636.2922,57915
2018/5/2,633.8624,642.4964,619.5141,641.3823,70259
2018/5/3,639.6248,647.0006,631.9416,644.3115,36326
2018/5/4,644.4076,648.1051,634.4098,636.6187,37375
2018/5/7,633.8144,674.0839,631.7207,670.5208,85591
2018/5/8,670.3863,683.9279,670.3863,680.7586,62497
2018/5/9,680.9987,684.0912,669.5124,674.1511,32331
2018/5/10,675.6397,687.6447,675.6397,685.9063,39293
2018/5/11,690.2281,701.5704,687.3565,689.5847,39141
2018/5/14,695.3278,713.5754,695.3278,713.0088,51014
2018/5/15,716.4566,716.8792,704.9318,713.633,38055
2018/5/16,710.6942,716.1301,704.2403,705.4312,30795
2018/5/17,706.0075,708.2932,695.3278,698.574,28517
2018/5/18,695.3182,711.6546,692.6291,710.0411,29255
2018/5/21,714.5358,717.7051,703.472,705.7193,29059
2018/5/22,706.1035,710.5405,701.1094,710.2812,16998
2018/5/23,710.6942,710.6942,694.9245,695.1166,28268
2018/5/24,691.4863,699.8033,684.7635,687.0684,30416
2018/5/25,683.8031,698.209,683.8031,688.4706,26511
2018/5/28,689.5655,711.3281,686.7995,711.0784,42805
2018/5/29,709.5417,720.2982,702.3195,702.4636,40820
2018/5/30,698.4203,708.1011,691.5343,697.1238,37147
2018/5/31,701.3303,721.854,701.3207,721.3834,71852
2018/6/1,721.3834,725.081,709.5033,715.6018,36177
2018/6/4,722.5551,751.8953,716.3413,751.0021,73805
2018/6/5,755.3527,763.228,746.4498,756.8413,52629
2018/6/6,756.7933,769.2304,751.319,754.6324,48969
2018/6/7,758.6949,764.0443,748.0537,750.0417,39167
2018/6/8,749.1101,754.7765,739.5061,747.1413,34958
2018/6/11,745.3165,754.8725,737.9023,745.0092,36547
2018/6/12,747.1893,771.6795,745.7487,767.5401,55287
2018/6/13,768.3181,770.8343,757.6384,759.031,35244
2018/6/14,758.7141,762.3636,744.481,754.9973,36159
2018/6/15,753.1174,758.3576,749.1238,753.244,31707
2018/6/19,749.0264,749.0264,717.8576,718.8316,60195
2018/6/20,721.7537,745.1303,721.7537,743.757,45838
2018/6/21,745.3446,758.6596,739.0621,739.5979,39182
2018/6/22,734.416,747.0784,730.5199,746.6206,28854
2018/6/25,746.1044,758.7375,745.0329,745.6758,32934
2018/6/26,745.4323,749.8836,727.5979,735.1953,46577
2018/6/27,732.468,737.3381,702.2732,703.6758,57298
2018/6/28,695.455,700.3251,678.8965,692.4647,50833
2018/6/29,693.7991,713.2797,686.6887,712.4615,32929
2018/7/2,715.442,720.1271,684.7407,693.0686,37558
2018/7/3,691.3251,697.1887,660.614,676.8706,82837
2018/7/4,674.0264,681.8186,670.1303,672.9647,37990
2018/7/5,681.8186,697.5978,681.8186,684.1465,47123
2018/7/6,688.6368,702.205,681.0978,695.5719,44156
2018/7/9,701.3284,710.903,701.0362,708.3511,40572
2018/7/10,710.0654,712.5004,694.8024,706.9095,29010
2018/7/11,691.5589,705.1952,683.9809,700.89,24278
2018/7/12,699.3511,721.9193,699.3511,718.3836,40170
2018/7/13,723.0199,728.6693,716.0264,727.5881,28907
2018/7/16,732.7602,744.2634,731.5232,735.0784,32474
2018/7/17,737.3381,737.3381,716.903,723.1466,27806
2018/7/18,723.1466,730.218,715.9095,718.2862,24521
2018/7/19,719.8056,724.6271,715.929,721.705,18078
2018/7/20,722.2407,723.8284,709.0913,721.8803,30548
2018/7/23,716.8836,721.8998,701.3089,713.0556,35969
2018/7/24,713.6498,727.8901,704.2212,726.0394,41808
2018/7/25,727.5492,730.4031,720.7894,724.4907,21743
2018/7/26,729.4485,729.4485,715.1595,716.5134,23067
2018/7/27,716.8836,724.968,711.0394,719.3771,20913
2018/7/30,719.7082,721.4225,696.429,700.5297,42171
2018/7/31,701.5913,708.9745,700.5297,707.5719,20683
2018/8/1,712.403,713.2797,695.5621,696.3706,25237
2018/8/2,697.3738,697.3738,670.0134,677.7667,55001
2018/8/3,676.9485,676.9485,658.6368,661.3543,47336
2018/8/6,659.416,666.2342,645.0491,652.2861,45248
2018/8/7,654.8381,669.9647,644.8251,668.455,39085
2018/8/8,669.1757,671.1043,654.4192,658.6563,29685
2018/8/9,653.5718,676.4615,652.7147,673.9095,34485
2018/8/10,673.9095,676.7244,666.429,669.3316,23817
2018/8/13,665.2602,665.2602,649.364,661.5783,34570
2018/8/14,661.5783,666.7212,656.0166,662.4647,21696
2018/8/15,662.1433,662.3381,643.8316,645.5848,34997
2018/8/16,635.0653,651.1368,623.377,631.5978,59939
2018/8/17,640.4225,640.4225,613.6465,618.3705,46574
2018/8/20,616.0231,628.7829,600.838,628.0426,48852
2018/8/21,630.1952,654.8381,630.1952,654.0491,52249
2018/8/22,653.5718,655.7147,645.7796,650.3575,20675
2018/8/23,654.2537,660.877,647.903,652.8024,27357
2018/8/24,651.6238,651.6238,639.4095,643.1498,26090
2018/8/27,644.8056,669.4485,644.8056,669.4485,48016
2018/8/28,675.0004,675.7602,660.9257,663.3121,32488
2018/8/29,664.2861,670.9874,661.4615,668.0361,27404
2018/8/30,670.3348,674.6108,661.3738,662.7277,33788
2018/8/31,658.6855,659.416,639.4484,642.0686,58980
2018/9/3,635.0653,650.3283,633.8965,648.9062,30179
2018/9/4,649.4809,658.442,644.416,657.5069,21540
2018/9/5,657.4679,659.4063,639.9355,640.7049,28983
2018/9/6,635.0653,642.1368,623.377,627.2731,42370
2018/9/7,628.7342,640.9387,628.3835,634.0621,29240
2018/9/10,635.2601,636.8283,624.0588,628.0523,21202
2018/9/11,628.8023,634.0621,623.9906,629.2212,19496
2018/9/12,626.2991,628.1205,611.6984,613.6367,41157
2018/9/13,621.429,625.3251,603.8965,615.5653,47713
2018/9/14,617.5134,632.903,612.2049,626.2017,40900
2018/9/17,628.2471,636.0004,624.4095,629.0361,29112
2018/9/18,626.2991,650.6498,625.5393,649.3835,37858
2018/9/19,649.2666,668.1822,648.7017,663.7212,48221
2018/9/20,667.403,669.0589,659.7666,660.9257,27519
2018/9/21,664.2861,681.8283,662.3478,681.8283,42617
2018/9/25,676.9485,687.4387,675.2537,678.916,30639
2018/9/26,683.8641,713.6498,683.7569,706.1011,72287
2018/9/27,708.6043,709.0913,696.8186,705.1952,40508
2018/9/28,707.8251,714.1563,700.2082,711.0394,35089
2018/10/8,696.8284,700.3251,668.3283,668.3283,82745
2018/10/9,669.0589,680.5621,668.0848,676.9485,40222
2018/10/10,679.1498,679.8706,652.2959,653.4939,63098
2018/10/11,618.5166,651.5653,618.5166,628.2374,91581
2018/10/12,634.0913,655.2082,633.6822,650.6498,54472
2018/10/15,652.1011,654.4972,642.8868,649.5783,35607
2018/10/16,648.6822,661.8803,644.8153,649.8121,26393
2018/10/17,657.4679,659.7082,633.0199,648.429,43077
2018/10/18,642.8575,642.8575,628.2179,629.1627,52156
2018/10/19,621.429,657.4679,618.5848,652.5978,76199
2018/10/22,657.4679,683.7861,657.4679,675.0004,73108
2018/10/23,671.1043,671.1043,618.5069,625.0718,123112
2018/10/24,611.7958,633.1173,603.8965,620.4452,76112
2018/10/25,603.8965,606.3315,592.7731,602.9225,75568
2018/10/26,602.9225,608.7666,592.1887,594.2536,55327
2018/10/29,534.8283,534.8283,534.8283,534.8283,49076
2018/10/30,496.7536,528.8964,495.799,510.3899,204396
2018/10/31,513.312,540.5848,508.4419,534.6432,96884
2018/11/1,540.5848,570.2926,536.9322,548.377,98106
2018/11/2,569.8055,584.4159,557.377,584.3185,89156
2018/11/5,577.5978,577.5978,556.9192,560.8445,75517
2018/11/6,559.0913,559.2471,543.5166,551.299,45566
2018/11/7,554.2211,560.0166,547.4127,551.6887,38107
2018/11/8,559.0913,562.0133,553.2471,555.5263,33763
2018/11/9,552.4874,554.2211,547.4029,547.4029,24336
2018/11/12,538.6367,539.8055,522.8575,537.6627,67824
2018/11/13,531.9354,555.1952,528.8964,555.1952,66429
2018/11/14,555.1562,555.1562,538.1984,540.6822,41766
2018/11/15,544.2861,550.1302,541.0718,545.1627,30833
2018/11/16,546.4289,551.299,543.5361,545.4549,28938
2018/11/19,545.7471,557.1432,544.588,554.2406,36179
2018/11/20,550.325,553.2471,545.4549,547.0133,26943
2018/11/21,539.6107,554.1237,539.299,550.0328,27107
2018/11/22,550.4711,552.5945,543.5068,549.838,21213
2018/11/23,549.351,552.5653,542.4354,542.4354,20126
2018/11/26,543.5068,545.6497,537.6627,537.7698,19120
2018/11/27,537.6627,540.575,532.3055,533.864,20233
2018/11/28,536.5425,544.6659,531.3315,542.5328,27737
2018/11/29,551.3283,555.0003,534.7503,537.2731,45069
2018/11/30,542.5328,554.114,538.6367,550.325,49010
2018/12/3,573.7017,589.2861,569.5815,585.5848,83414
2018/12/4,587.3283,588.5653,579.5458,586.588,31473
2018/12/5,581.9809,600.4874,579.5458,594.2536,41588
2018/12/6,584.4159,590.2406,575.0263,576.4289,37758
2018/12/7,580.1302,583.3056,569.5133,571.7536,26841
2018/12/10,561.0393,572.2406,559.2666,562.2374,24640
2018/12/11,562.0133,571.3153,562.0133,567.8478,16316
2018/12/12,573.4971,573.8965,567.6627,573.7017,19921
2018/12/13,574.6757,591.1173,574.2861,586.1205,40399
2018/12/14,582.4776,584.2211,576.6237,577.5588,24554
2018/12/17,577.1789,580.4906,569.8153,575.1822,24895
2018/12/18,570.6627,576.1757,569.8055,575.5913,19222
2018/12/19,573.7017,575.64,561.0685,562.7926,25715
2018/12/20,561.2536,566.3965,554.114,559.5783,26940
2018/12/21,556.1692,558.5555,547.6075,552.6724,30640
2018/12/24,548.864,556.0815,543.5068,553.2471,19109
2018/12/25,547.6172,552.7601,539.2309,551.0945,26592
2018/12/26,549.1659,553.6367,543.5068,545.5328,17866
2018/12/27,555.1952,556.9971,547.6172,548.377,29493
2018/12/28,548.6692,580.9095,545.4549,574.6854,63678
2019/1/2,594.1367,596.1043,579.5556,583.4224,62286
2019/1/3,584.3867,586.0328,570.5848,574.6757,30977
2019/1/4,572.0263,591.8867,566.9029,586.364,37683
2019/1/7,592.2082,596.1043,586.5783,589.7634,34750
2019/1/8,589.7731,596.1043,584.6887,589.0815,28838
2019/1/9,594.1465,609.8965,593.2211,600.1173,49892
2019/1/10,601.101,608.6497,594.3997,602.6984,29043
2019/1/11,608.7666,620.4549,602.6789,619.364,38884
2019/1/14,616.5588,619.3738,605.4062,608.377,25648
2019/1/15,611.5523,644.3186,608.7666,642.8381,55764
2019/1/16,640.9095,648.3608,636.6238,643.929,42083
2019/1/17,645.7796,652.3056,638.7666,642.127,30284
2019/1/18,647.7277,672.2731,644.3186,665.8543,68609
2019/1/21,672.0783,680.7277,664.1692,669.1368,47051
2019/1/22,668.1822,668.1822,647.942,653.5718,42122
2019/1/23,649.89,656.9809,645.9062,648.3705,33624
2019/1/24,652.89,660.2244,647.416,655.0329,29155
2019/1/25,658.3251,667.1108,652.5296,662.0459,28986
2019/1/28,666.2342,675.955,658.4712,659.416,36102
2019/1/29,659.903,670.1303,650.6498,667.2082,30342
2019/1/30,667.1985,668.3965,658.442,658.442,22699
2019/1/31,662.3381,671.6887,659.9614,671.6887,36696
2019/2/1,678.9355,680.8446,671.6985,674.679,30520
2019/2/11,676.9485,710.5524,670.3056,706.4615,58140
2019/2/12,704.2212,706.6465,696.6238,699.2732,35091
2019/2/13,704.2212,717.0394,698.5913,716.153,35677
2019/2/14,712.2082,724.3446,711.1758,718.0134,32258
2019/2/15,715.7927,715.7927,704.2407,705.955,23237
2019/2/18,712.0134,725.6011,712.0134,720.7797,37745
2019/2/19,721.7147,723.2147,707.7862,711.7797,29501
2019/2/20,715.9095,715.9095,697.4615,703.2472,37882
2019/2/21,701.2991,711.5069,698.3771,701.5426,29850
2019/2/22,698.3771,709.5686,695.5524,707.153,25908
2019/2/25,711.7699,725.1043,699.3413,723.0492,82622
2019/2/26,728.3771,729.7212,707.1433,708.4582,57964
2019/2/27,713.9615,738.3316,712.0134,721.4615,65942
2019/2/28,718.7342,743.5914,717.8089,735.3998,56986
2019/3/1,741.7212,769.481,741.2342,768.7992,63840
2019/3/4,774.3511,777.5946,757.0329,761.5524,84585
2019/3/5,764.6109,769.0427,755.7277,759.5264,44830
2019/3/6,754.8706,759.2537,745.9875,748.0524,46731
2019/3/7,742.4225,742.4225,726.1953,729.1563,60180
2019/3/8,718.7342,727.4323,714.5946,718.3446,52275
2019/3/11,720.8186,747.0297,720.8186,738.8381,53057
2019/3/12,743.981,743.9907,719.8056,725.6595,52510
2019/3/13,726.1368,740.9907,726.1368,734.416,40561
2019/3/14,737.3381,764.6109,734.416,757.7927,62172
2019/3/15,755.8446,767.0459,744.9842,757.1109,52400
2019/3/18,758.5719,793.3739,756.8187,789.0492,81318
2019/3/19,782.1433,786.9356,771.7213,772.0232,40634
2019/3/20,769.481,781.4615,764.6109,772.2083,31117
2019/3/21,767.5329,772.2083,761.2018,765.3414,32573
2019/3/22,767.7472,779.2018,764.6109,773.3771,30517
2019/3/25,765.5849,767.5329,753.2148,755.455,37270
2019/3/26,759.7407,765.5264,744.2537,752.9225,37595
2019/3/27,760.7148,773.2602,754.8706,768.02,42807
2019/3/28,772.8219,793.3252,765.2732,785.8446,57566
2019/3/29,813.3122,844.1694,808.6076,831.809,90933
2019/4/1,837.6629,846.3804,828.8966,836.6888,60934
2019/4/2,837.6531,837.6531,814.3447,827.9226,53227
2019/4/3,818.2992,829.6174,812.5427,822.5654,43056
2019/4/4,818.1823,843.3122,814.481,842.533,55772
2019/4/8,876.6239,884.4161,867.0005,876.8187,66251
2019/4/9,879.546,884.6109,869.3285,881.4941,47989
2019/4/10,879.546,927.1759,876.6239,923.3675,67814
2019/4/11,923.3772,925.3253,882.0298,901.1694,61102
2019/4/12,885.3902,896.0947,876.6337,890.2603,48612
2019/4/15,906.8187,914.611,883.4421,883.4421,45522
2019/4/16,881.3967,915.4876,877.8122,915.4876,46423
2019/4/17,913.6369,930.6921,900.9746,927.2733,40761
2019/4/18,920.8545,929.8837,911.9032,920.9421,19598
2019/4/19,919.4421,935.9908,907.1207,927.8188,32379
2019/4/22,934.5785,953.4649,916.1791,924.546,40627
2019/4/23,926.2993,955.7344,924.546,949.6272,48852
2019/4/24,954.4292,964.2863,926.5136,944.8058,45227
2019/4/25,943.6272,948.6921,926.5136,927.6337,39801
2019/4/26,921.7214,934.9486,920.4551,920.4551,43277
2019/4/29,920.4551,963.3123,910.7149,946.7246,52572
2019/4/30,942.8577,959.3772,938.0947,948.7019,35943
2019/5/6,901.4616,910.7149,869.8057,882.4681,135099
2019/5/7,870.0785,890.2019,847.6174,866.8837,100837
2019/5/8,837.6629,878.3772,837.6629,861.4291,81882
2019/5/9,852.2733,857.0168,820.6174,836.5038,91545
2019/5/10,852.9161,887.1239,845.6401,883.559,79907
2019/5/13,875.5135,887.3187,861.0395,868.8317,46637
2019/5/14,862.0135,882.4681,850.3252,863.5427,59983
2019/5/15,867.1174,908.7668,867.1174,902.9226,63124
2019/5/16,895.1304,907.7928,881.4941,905.7571,44540
2019/5/17,902.9421,908.085,876.7213,883.2376,49841
2019/5/20,876.6239,876.6239,848.3772,861.9746,44407
2019/5/21,862.0135,886.3642,849.3707,871.7538,42385
2019/5/22,871.7343,880.52,857.1434,864.9356,32041
2019/5/23,858.1174,861.02,833.981,838.6369,58058
2019/5/24,842.533,862.0135,841.9875,855.6824,44034
2019/5/27,856.2668,860.0557,837.7116,856.1694,39161
2019/5/28,855.1856,883.9194,852.2927,864.9356,74772
2019/5/29,864.9453,900.9259,864.9453,888.2246,65646
2019/5/30,886.3642,896.0947,868.072,881.7863,40247
2019/5/31,877.1402,883.4324,866.8837,866.8837,35793
2019/6/3,868.8317,877.9389,863.2603,868.8317,34479
2019/6/4,871.7538,872.1726,848.3772,852.5655,39689
2019/6/5,861.0395,863.2408,847.4031,848.9616,34067
2019/6/6,852.8772,853.0233,835.7148,839.7375,34786
2019/6/10,835.6953,856.1207,818.1823,848.4551,55502
2019/6/11,853.2473,891.8285,852.2733,887.2311,80106
2019/6/12,882.6824,887.3285,870.7798,883.1499,37747
2019/6/13,886.3642,888.6044,873.7018,886.3642,32917
2019/6/14,887.3382,908.085,886.3837,889.2863,42455
2019/6/17,883.4421,902.8642,882.4876,887.9226,32769
2019/6/18,893.1824,896.1045,879.1564,893.1824,29441
2019/6/19,915.585,922.111,907.8025,907.8025,53726
2019/6/20,908.2798,950.1629,907.9876,949.6759,67271
2019/6/21,944.7766,958.9194,939.4486,950.9421,45926
2019/6/24,952.8902,973.7246,949.6759,961.4616,45779
2019/6/25,966.2344,973.0526,941.8837,957.4486,51295
2019/6/26,959.4162,959.4162,945.9941,954.4097,29588
2019/6/27,959.4162,975.0006,955.637,970.4714,47978
2019/6/28,974.6027,977.4594,960.1121,972.6357,31088
2019/7/1,992.9187,1023.6398,988.6684,1019.943,52337
2019/7/2,1013.1622,1017.6102,1004.2662,1013.1622,39061
2019/7/3,1008.22,1011.1853,970.1646,976.4907,67139
2019/7/4,974.4149,979.3572,960.0033,969.8681,46216
2019/7/5,974.6126,994.3816,965.0247,988.273,50032
2019/7/8,983.5581,986.3752,963.7397,973.4858,33613
2019/7/9,967.99,977.578,957.1665,964.7874,31723
2019/7/10,969.6012,979.1397,965.7166,971.1728,28166
2019/7/11,978.5269,986.8496,964.7281,970.1646,30514
2019/7/12,969.9669,980.0491,968.6918,974.7016,28173
2019/7/15,956.6228,968.7808,940.1453,964.6589,59870
2019/7/16,964.1845,970.9554,953.8552,956.8205,33245
2019/7/17,956.8205,961.7529,951.0183,952.3725,25468
2019/7/18,950.3956,951.8783,936.241,936.5573,39252
2019/7/19,943.9706,949.7037,937.0515,944.8306,28014
2019/7/22,948.9129,952.8667,939.2755,945.9673,28125
2019/7/23,951.1863,951.473,932.9593,942.9624,32483
2019/7/24,947.2424,948.8141,933.7797,935.4304,46771
2019/7/25,935.0449,952.2341,927.3152,951.8783,38255
2019/7/26,950.8602,959.7859,947.4796,953.8848,26467
2019/7/29,950.9195,968.1877,948.9228,965.1334,26981
2019/7/30,965.2223,971.6473,959.7859,967.6243,19537
2019/7/31,963.7397,970.4315,955.4268,961.3674,22526
2019/8/1,965.2322,965.7166,942.0135,948.221,35089
2019/8/2,933.0977,946.9162,932.1092,943.427,39719
2019/8/5,934.0861,942.9822,929.1439,931.5458,36774
2019/8/6,920.2478,937.0515,913.131,935.3711,43991
2019/8/7,938.5342,944.4945,934.0861,934.0861,26869
2019/8/8,942.488,962.7512,941.0053,960.458,38808
2019/8/9,967.1992,969.6209,947.9146,950.9195,28461
2019/8/12,998.6419,1008.3188,983.5186,1006.8658,81498
2019/8/13,1004.4243,1014.1507,999.0076,1006.1936,30329
2019/8/14,1018.1242,1039.7515,1018.1242,1031.2805,41410
2019/8/15,1016.1276,1034.3941,1016.1276,1032.8324,27237
2019/8/16,1037.7153,1063.1581,1028.9774,1042.4204,36086
2019/8/19,1048.7464,1057.6227,1036.9345,1043.6856,32867
2019/8/20,1042.8157,1061.28,1037.8735,1057.6425,28602
2019/8/21,1057.7414,1064.532,1049.3988,1053.6887,25066
2019/8/22,1060.598,1091.2498,1057.6425,1091.2498,37590
2019/8/23,1092.2383,1120.4684,1082.9666,1117.0484,40192
2019/8/26,1100.1459,1114.9727,1084.0144,1090.212,48497
2019/8/27,1104.0997,1118.2444,1096.1921,1096.1921,52164
2019/8/28,1096.1921,1110.2182,1070.5023,1087.4048,47009
2019/8/29,1092.2383,1105.2661,1079.8827,1100.2447,29330
2019/8/30,1112.0073,1132.7648,1110.0304,1128.811,44890
2019/9/2,1126.8242,1131.7566,1115.9611,1125.6084,28234
2019/9/3,1126.8341,1137.7268,1115.5262,1126.8341,29485
2019/9/4,1127.6248,1129.7105,1107.1738,1112.0172,33600
2019/9/5,1115.9611,1131.6775,1114.9727,1130.7879,32930
2019/9/6,1131.2821,1132.913,1117.938,1129.2953,26176
2019/9/9,1131.7763,1134.7417,1121.8918,1123.3943,29379
2019/9/10,1121.1999,1121.8918,1107.0749,1110.8706,26227
2019/9/11,1106.2941,1107.0354,1055.6656,1057.168,81716
2019/9/12,1053.6887,1097.1608,1053.6887,1086.3076,41211
2019/9/16,1070.4924,1091.2004,1070.4924,1086.3076,31371
2019/9/17,1081.3653,1093.8791,1074.4462,1081.3752,25196
2019/9/18,1095.6979,1136.7186,1095.3816,1135.6313,69314
2019/9/19,1134.7417,1136.7186,1123.9676,1131.7763,24479
2019/9/20,1137.707,1146.6031,1134.3364,1144.0529,37626
2019/9/23,1143.6377,1143.6377,1117.938,1135.7301,30026
2019/9/24,1141.6608,1171.2155,1138.6955,1170.3259,36269
2019/9/25,1166.3721,1175.1397,1156.9818,1160.4414,24024
2019/9/26,1161.3705,1169.6834,1145.4268,1153.5222,26081
2019/9/27,1150.5569,1169.3375,1139.6839,1161.1827,22826
2019/9/30,1149.5684,1155.9242,1136.7186,1136.7186,30825
2019/10/8,1139.6839,1166.3721,1138.7054,1153.6211,31045
2019/10/9,1152.7315,1152.7315,1121.9412,1133.5654,35788
2019/10/10,1113.9842,1145.5454,1096.2119,1141.6608,41173
2019/10/11,1143.6377,1161.4299,1138.9031,1161.0345,28689
2019/10/14,1172.3028,1173.9436,1156.4876,1166.3721,27187
2019/10/15,1166.3721,1201.64,1163.4364,1197.0141,40034
2019/10/16,1154.5107,1173.7855,1146.6031,1156.4876,59150
2019/10/17,1162.4183,1172.9552,1149.0742,1169.6636,30508
2019/10/18,1165.3837,1176.2467,1158.1581,1162.2107,28291
2019/10/21,1158.3261,1165.2848,1149.865,1155.0049,25274
2019/10/22,1164.3952,1167.8548,1150.4482,1157.2784,19309
2019/10/23,1154.5107,1164.3952,1142.758,1145.5257,23080
2019/10/24,1151.4959,1152.5338,1133.9114,1136.9855,26178
2019/10/25,1139.9805,1158.9587,1129.8291,1157.822,25998
2019/10/28,1152.5437,1167.3704,1151.5453,1164.6819,22485
2019/10/29,1167.4693,1186.1016,1164.1679,1179.222,27803
2019/10/30,1176.2566,1178.9254,1162.4183,1170.1282,21254
2019/10/31,1182.1873,1184.1642,1162.5666,1166.382,25909
2019/11/1,1167.3606,1178.1841,1158.9587,1171.3144,22811
2019/11/4,1176.2566,1196.0158,1175.2682,1185.7359,26737
2019/11/5,1185.6469,1191.0834,1178.2335,1185.1527,22254
2019/11/6,1183.1758,1190.0949,1175.1496,1179.222,19737
2019/11/7,1182.6914,1187.9994,1175.2682,1187.4953,16167
2019/11/8,1191.0834,1201.6104,1187.6337,1191.0834,24512
2019/11/11,1187.6238,1192.2695,1179.7261,1185.1527,17342
2019/11/12,1190.0949,1195.6303,1184.3718,1187.7226,19150
2019/11/13,1193.0603,1213.6201,1186.1411,1209.8639,31977
2019/11/14,1212.8293,1225.6792,1207.887,1215.7947,23521
2019/11/15,1215.7947,1218.671,1207.3928,1210.7536,16340
2019/11/18,1210.971,1215.251,1203.9332,1213.1061,18037
2019/11/19,1213.8178,1227.2706,1210.8722,1218.0879,20623
2019/11/20,1215.7947,1225.1948,1213.8771,1219.5013,15280
2019/11/21,1216.7831,1221.241,1206.9579,1217.0796,19187
2019/11/22,1208.8755,1214.8062,1171.3144,1180.2104,47054
2019/11/25,1174.3291,1180.2104,1158.5238,1168.4083,38281
2019/11/26,1172.975,1184.7573,1169.3375,1171.3144,40239
2019/11/27,1179.0243,1182.8002,1170.83,1176.2072,19848
2019/11/28,1181.1692,1183.6799,1155.5189,1162.2206,28844
2019/11/29,1152.0396,1152.0396,1100.0372,1115.9611,82397
2019/12/2,1105.2858,1126.8538,1105.2858,1119.9149,30784
2019/12/3,1119.9149,1119.9149,1104.8312,1105.0882,27340
2019/12/4,1126.8341,1131.4403,1105.0882,1109.3681,35283
2019/12/5,1112.0073,1118.9363,1105.0882,1116.7519,21338
2019/12/6,1122.8506,1156.4876,1117.0484,1156.4876,39506
2019/12/9,1161.4299,1162.4183,1142.7481,1145.3181,21824
2019/12/10,1146.2077,1151.5453,1137.707,1150.9523,15086
2019/12/11,1154.5107,1157.2289,1142.2045,1145.5949,14567
2019/12/12,1142.6493,1146.5438,1117.0286,1123.8687,29409
2019/12/13,1132.7648,1151.5453,1132.7648,1149.5684,30000
2019/12/16,1149.5684,1149.5684,1124.7979,1134.6626,30936
2019/12/17,1136.422,1160.046,1129.8291,1156.4678,42616
2019/12/18,1160.4414,1161.6275,1150.5569,1154.5107,19640
2019/12/19,1149.5684,1149.5684,1138.6955,1144.0331,19552
2019/12/20,1148.7579,1148.7579,1128.3167,1133.0613,23563
2019/12/23,1125.8456,1149.0742,1122.8803,1136.0267,25919
2019/12/24,1139.6839,1141.6608,1131.7763,1134.7417,11823
2019/12/25,1129.7994,1129.7994,1116.9594,1120.6068,24305
2019/12/26,1118.9265,1128.7912,1107.0552,1121.9907,22877
2019/12/27,1136.7186,1158.4645,1136.7186,1149.5684,47066
2019/12/30,1156.6853,1181.6931,1156.6853,1172.1051,40760
2019/12/31,1169.3375,1174.2797,1162.9224,1169.3375,22588
